"Status","Start Time","Stop Time","Duration in ms","Parent Suite","Suite","Sub Suite","Test Class","Test Method","Name","Description"
"passed","Fri Sep 25 10:19:55 CST 2026","Fri Sep 25 10:20:04 CST 2026","9048","tests","test_nl_cases","","","","以管理员进入后端引擎的路径设置页","在 E9 后端引擎里打开流程设置页面：
1. 页面加载后是「路径设置」（流程列表）页面，标题区域能看到「路径设置」字样；
2. 如果页面还在加载、只显示空白或加载动画，请等待它渲染出内容再判断；
3. 确认左侧有类型树、右侧有流程名称列表（列名大致是「路径名称 / 对应表单 / 路径类型 / 显示顺序」）；
4. 到达这个列表页面后即停止，不要点击任何按钮、不要新建或修改任何数据。
"
"passed","Fri Sep 25 10:20:34 CST 2026","Fri Sep 25 10:21:24 CST 2026","50623","tests","test_nl_cases","","","","建出第一个工作流的六个节点并存盘","在 E9 后端「路径设置」里新建一个流程，然后进它的流转设置，
在图形编辑器里按顺序建出六个节点并存盘。

【第一部分：新建流程并进入流转设置】
【务必按顺序做完。特别提醒：「路径类型」和「对应表单」都是必填项，缺任何一个，
点「保存并进入详细设置」都【不会生效】——对话框不关、页面不动，而且不给任何提示。】

1. 点右上角的「添加」按钮（按钮文字中间可能带一个空格，按语义找它）；
2. 在「路径名称」里填「UI自动化_0925101955」；
3. 「路径类型」是空的，必须填：点它右边那个放大镜图标按钮，弹出「路径类型」选择对话框，
   在下方结果列表里点中一行（例如「系统默认工作流」）。选中后对话框自己关闭、
   回到「添加路径」，此时「路径类型」那一栏**已经显示出你选中的名字**了。
   ⚠️ 看到它有值了就继续，**不要重复点这个放大镜**；
4. 「对应表单」右边那个框也是空的，必须填：点它右边那个放大镜图标按钮，
   弹出「表单名称」选择对话框，同样在下方结果列表里点中一行
   （例如「关联文档字段」）。选中后对话框关闭，「对应表单」右边**显示出你选中的表单名**。
   ⚠️ 看到它有值了就继续，**不要重复点这个放大镜**；
5. 两个必填项都有值了，点「保存并进入详细设置」，页面跳到这个流程的详情页；
6. 在详情页顶部页签里点「流转设置」，进入图形编辑界面。

【第二部分：在图形编辑器里建节点】
7. 点画布窗口里的「编辑」按钮进入编辑态。编辑器会加载出一个带工具栏的空白画布；
8. 工具栏上有一排节点类型图标。**每点一次就落下一个自动命名的节点**，
   不需要拖拽、也不需要再点画布。严格按下面六小步做，**一步一核对**——
   每点完一次，都先看画布上是不是多出了那一行名字，多了才做下一步：

     ① 点「创建」           → 画布上出现「创建1」，此时共 1 个节点
     ② 点「审批」           → 出现「审批2」，共 2 个
     ③ 再点一次「审批」      → 出现「审批3」，共 3 个
     ④ 点「自动处理」        → 出现「自动处理4」，共 4 个
     ⑤ 再点一次「审批」      → 出现「审批5」，共 5 个
     ⑥ 点「归档」           → 出现「归档6」，共 6 个

   ⚠️ 顺序不能乱、不能跳：第 ③ 步和第 ⑤ 步都是「审批」，**要各点一次**。
   ⚠️ 点完没多出节点 → 那一下没点中图标本体，**换一个同名图标再点**，
      不要改点别的类型、也不要重复点「创建」（创建节点只能有一个）。
   ⚠️ 弹出确认对话框就点「取 消」关掉它，然后继续那一小步。
   ⚠️ **必须六个都齐了**（画布上能同时看到 创建1/审批2/审批3/自动处理4/审批5/归档6）
      才往下走；只数出 5 个就说明漏了一次，补点缺的那个类型。
9. 六个节点都出现之后，点工具栏上的「保存」把流程图存盘；
10. 存完后停止，不要改节点属性、不要点别的东西。
"
"passed","Fri Sep 25 10:20:04 CST 2026","Fri Sep 25 10:20:34 CST 2026","29904","tests","test_nl_cases","","","","新建流程并进入流转设置界面","在 E9 后端「路径设置」里新建一个流程，并进入它的流转设置界面。

【务必按顺序做完全部六步。特别提醒：「路径类型」和「对应表单」都是必填项，
缺任何一个，点「保存并进入详细设置」都【不会生效】——对话框不关、页面不动，
而且【不给任何错误提示】。所以不要靠提示判断有没有填好，要在点保存之前
先确认这两个字段都已经有值了。】

1. 页面上是流程名称列表。点右上角的「添加」按钮（按钮文字中间可能带一个空格，按语义找它）；
2. 弹出「添加路径」对话框后，在「路径名称」里填「UI自动化_0925101955」
   （0925101955 是本次运行的时间戳，保证每次运行建出来的流程名字唯一——
   下一条用例要靠这个名字精确找到""刚建好的这一条""）；
3. 「路径类型」现在是空的，必须填：点它右边那个放大镜图标按钮，
   弹出标题是「路径类型」的选择对话框；在对话框下方的结果列表里点中一行
   （例如「系统默认工作流」，列表里任意一行都可以）。选中后对话框自己关闭，
   回到「添加路径」对话框；
4. 「对应表单」左边保持默认的「自定义表单」，右边那个框是空的，必须填：
   点它右边那个放大镜图标按钮，弹出标题是「表单名称」的选择对话框；
   在下方结果列表里点中一行（例如「关联文档字段」，列表里任意一行都可以）。
   选中后对话框自己关闭，回到「添加路径」对话框；
5. 现在两个必填项都有值了。点「保存并进入详细设置」，页面会跳转到这个流程的详情页；
6. 在详情页顶部的页签里点「流转设置」，等流转设置界面渲染出来——能看到「图形编辑」
   「节点信息」「出口信息」这几个页签，以及一个「编辑」按钮。到达这里后停止。
"
